participant_id,modality,trial_index,reference,comparison,delta,comparison_interval,response_interval,correct,reversal,synthetic
SYNTHETIC-001,visual,1,0.5,0.7,0.2,1,1,True,False,True
SYNTHETIC-001,visual,2,0.5,0.7,0.2,2,2,True,False,True
SYNTHETIC-001,visual,3,0.5,0.675,0.17500000000000002,2,2,True,False,True
SYNTHETIC-001,visual,4,0.5,0.675,0.17500000000000002,1,1,True,False,True
SYNTHETIC-001,visual,5,0.5,0.65,0.15000000000000002,2,2,True,False,True
SYNTHETIC-001,visual,6,0.5,0.65,0.15000000000000002,1,1,True,False,True
SYNTHETIC-001,visual,7,0.5,0.625,0.12500000000000003,1,1,True,False,True
SYNTHETIC-001,visual,8,0.5,0.625,0.12500000000000003,1,1,True,False,True
SYNTHETIC-001,visual,9,0.5,0.6000000000000001,0.10000000000000003,2,2,True,False,True
SYNTHETIC-001,visual,10,0.5,0.6000000000000001,0.10000000000000003,2,2,True,False,True
SYNTHETIC-001,visual,11,0.5,0.5750000000000001,0.07500000000000004,1,1,True,False,True
SYNTHETIC-001,visual,12,0.5,0.5750000000000001,0.07500000000000004,1,1,True,False,True
SYNTHETIC-001,visual,13,0.5,0.55,0.05000000000000004,1,1,True,False,True
SYNTHETIC-001,visual,14,0.5,0.55,0.05000000000000004,2,2,True,False,True
SYNTHETIC-001,visual,15,0.5,0.525,0.025000000000000036,1,2,False,True,True
SYNTHETIC-001,visual,16,0.5,0.55,0.05000000000000004,1,1,True,False,True
SYNTHETIC-001,visual,17,0.5,0.55,0.05000000000000004,1,1,True,True,True
SYNTHETIC-001,visual,18,0.5,0.525,0.025000000000000036,2,1,False,True,True
SYNTHETIC-001,visual,19,0.5,0.55,0.05000000000000004,1,1,True,False,True
SYNTHETIC-001,visual,20,0.5,0.55,0.05000000000000004,2,2,True,True,True
SYNTHETIC-001,visual,21,0.5,0.525,0.025000000000000036,1,2,False,True,True
SYNTHETIC-001,visual,22,0.5,0.55,0.05000000000000004,1,1,True,False,True
SYNTHETIC-001,visual,23,0.5,0.55,0.05000000000000004,2,2,True,True,True
SYNTHETIC-001,visual,24,0.5,0.525,0.025000000000000036,2,2,True,False,True
SYNTHETIC-001,visual,25,0.5,0.525,0.025000000000000036,2,1,False,True,True
SYNTHETIC-001,visual,26,0.5,0.55,0.05000000000000004,2,2,True,False,True
SYNTHETIC-001,visual,27,0.5,0.55,0.05000000000000004,2,2,True,True,True
SYNTHETIC-001,visual,28,0.5,0.525,0.025000000000000036,2,2,True,False,True
SYNTHETIC-001,visual,29,0.5,0.525,0.025000000000000036,2,1,False,True,True
SYNTHETIC-001,visual,30,0.5,0.55,0.05000000000000004,2,1,False,False,True
SYNTHETIC-001,visual,31,0.5,0.5750000000000001,0.07500000000000004,1,1,True,False,True
SYNTHETIC-001,visual,32,0.5,0.5750000000000001,0.07500000000000004,1,1,True,True,True
SYNTHETIC-001,visual,33,0.5,0.55,0.05000000000000004,2,2,True,False,True
SYNTHETIC-001,visual,34,0.5,0.55,0.05000000000000004,1,1,True,False,True
SYNTHETIC-001,visual,35,0.5,0.525,0.025000000000000036,1,1,True,False,True
SYNTHETIC-001,visual,36,0.5,0.525,0.025000000000000036,2,1,False,True,True
SYNTHETIC-001,visual,37,0.5,0.55,0.05000000000000004,2,1,False,False,True
SYNTHETIC-001,visual,38,0.5,0.5750000000000001,0.07500000000000004,1,1,True,False,True
SYNTHETIC-001,visual,39,0.5,0.5750000000000001,0.07500000000000004,1,1,True,True,True
SYNTHETIC-001,visual,40,0.5,0.55,0.05000000000000004,2,2,True,False,True
SYNTHETIC-001,visual,41,0.5,0.55,0.05000000000000004,2,2,True,False,True
SYNTHETIC-001,visual,42,0.5,0.525,0.025000000000000036,1,2,False,True,True
SYNTHETIC-001,visual,43,0.5,0.55,0.05000000000000004,1,1,True,False,True
SYNTHETIC-001,visual,44,0.5,0.55,0.05000000000000004,2,2,True,True,True
SYNTHETIC-001,visual,45,0.5,0.525,0.025000000000000036,2,2,True,False,True
SYNTHETIC-001,visual,46,0.5,0.525,0.025000000000000036,2,2,True,False,True
SYNTHETIC-001,visual,47,0.5,0.505,0.005,1,1,True,False,True
SYNTHETIC-001,visual,48,0.5,0.505,0.005,1,1,True,False,True
SYNTHETIC-001,visual,49,0.5,0.505,0.005,1,1,True,False,True
SYNTHETIC-001,visual,50,0.5,0.505,0.005,2,1,False,True,True
SYNTHETIC-001,visual,51,0.5,0.53,0.030000000000000002,2,1,False,False,True
SYNTHETIC-001,visual,52,0.5,0.555,0.05500000000000001,2,2,True,False,True
SYNTHETIC-001,visual,53,0.5,0.555,0.05500000000000001,1,2,False,False,True
SYNTHETIC-001,visual,54,0.5,0.5800000000000001,0.08000000000000002,2,2,True,False,True
SYNTHETIC-001,visual,55,0.5,0.5800000000000001,0.08000000000000002,1,1,True,True,True
SYNTHETIC-001,visual,56,0.5,0.555,0.055000000000000014,1,1,True,False,True
SYNTHETIC-001,visual,57,0.5,0.555,0.055000000000000014,2,2,True,False,True
SYNTHETIC-001,visual,58,0.5,0.53,0.030000000000000013,2,2,True,False,True
SYNTHETIC-001,visual,59,0.5,0.53,0.030000000000000013,2,2,True,False,True
SYNTHETIC-001,visual,60,0.5,0.505,0.005000000000000011,1,1,True,False,True
SYNTHETIC-001,visual,61,0.5,0.505,0.005000000000000011,1,1,True,False,True
SYNTHETIC-001,visual,62,0.5,0.505,0.005,2,1,False,True,True
SYNTHETIC-001,visual,63,0.5,0.53,0.030000000000000002,1,1,True,False,True
SYNTHETIC-001,visual,64,0.5,0.53,0.030000000000000002,2,1,False,False,True
SYNTHETIC-001,visual,65,0.5,0.555,0.05500000000000001,2,2,True,False,True
SYNTHETIC-001,visual,66,0.5,0.555,0.05500000000000001,2,2,True,True,True
SYNTHETIC-001,visual,67,0.5,0.53,0.030000000000000006,2,1,False,True,True
SYNTHETIC-001,visual,68,0.5,0.555,0.05500000000000001,2,2,True,False,True
SYNTHETIC-001,visual,69,0.5,0.555,0.05500000000000001,1,1,True,True,True
SYNTHETIC-001,visual,70,0.5,0.53,0.030000000000000006,2,1,False,True,True
SYNTHETIC-001,visual,71,0.5,0.555,0.05500000000000001,2,1,False,False,True
SYNTHETIC-001,visual,72,0.5,0.5800000000000001,0.08000000000000002,2,2,True,False,True
SYNTHETIC-001,haptic,1,0.5,0.7,0.2,2,2,True,False,True
SYNTHETIC-001,haptic,2,0.5,0.7,0.2,2,2,True,False,True
SYNTHETIC-001,haptic,3,0.5,0.675,0.17500000000000002,2,2,True,False,True
SYNTHETIC-001,haptic,4,0.5,0.675,0.17500000000000002,2,2,True,False,True
SYNTHETIC-001,haptic,5,0.5,0.65,0.15000000000000002,1,1,True,False,True
SYNTHETIC-001,haptic,6,0.5,0.65,0.15000000000000002,1,1,True,False,True
SYNTHETIC-001,haptic,7,0.5,0.625,0.12500000000000003,2,2,True,False,True
SYNTHETIC-001,haptic,8,0.5,0.625,0.12500000000000003,1,1,True,False,True
SYNTHETIC-001,haptic,9,0.5,0.6000000000000001,0.10000000000000003,1,1,True,False,True
SYNTHETIC-001,haptic,10,0.5,0.6000000000000001,0.10000000000000003,2,2,True,False,True
SYNTHETIC-001,haptic,11,0.5,0.5750000000000001,0.07500000000000004,1,1,True,False,True
SYNTHETIC-001,haptic,12,0.5,0.5750000000000001,0.07500000000000004,1,1,True,False,True
SYNTHETIC-001,haptic,13,0.5,0.55,0.05000000000000004,2,1,False,True,True
SYNTHETIC-001,haptic,14,0.5,0.5750000000000001,0.07500000000000004,2,1,False,False,True
SYNTHETIC-001,haptic,15,0.5,0.6000000000000001,0.10000000000000003,2,2,True,False,True
SYNTHETIC-001,haptic,16,0.5,0.6000000000000001,0.10000000000000003,2,2,True,True,True
SYNTHETIC-001,haptic,17,0.5,0.5750000000000001,0.07500000000000004,2,1,False,True,True
SYNTHETIC-001,haptic,18,0.5,0.6000000000000001,0.10000000000000003,2,2,True,False,True
SYNTHETIC-001,haptic,19,0.5,0.6000000000000001,0.10000000000000003,2,2,True,True,True
SYNTHETIC-001,haptic,20,0.5,0.5750000000000001,0.07500000000000004,2,2,True,False,True
SYNTHETIC-001,haptic,21,0.5,0.5750000000000001,0.07500000000000004,1,1,True,False,True
SYNTHETIC-001,haptic,22,0.5,0.55,0.05000000000000004,1,2,False,True,True
SYNTHETIC-001,haptic,23,0.5,0.5750000000000001,0.07500000000000004,2,1,False,False,True
SYNTHETIC-001,haptic,24,0.5,0.6000000000000001,0.10000000000000003,2,2,True,False,True
SYNTHETIC-001,haptic,25,0.5,0.6000000000000001,0.10000000000000003,1,1,True,True,True
SYNTHETIC-001,haptic,26,0.5,0.5750000000000001,0.07500000000000004,2,2,True,False,True
SYNTHETIC-001,haptic,27,0.5,0.5750000000000001,0.07500000000000004,1,1,True,False,True
SYNTHETIC-001,haptic,28,0.5,0.55,0.05000000000000004,1,2,False,True,True
SYNTHETIC-001,haptic,29,0.5,0.5750000000000001,0.07500000000000004,2,1,False,False,True
SYNTHETIC-001,haptic,30,0.5,0.6000000000000001,0.10000000000000003,2,2,True,False,True
SYNTHETIC-001,haptic,31,0.5,0.6000000000000001,0.10000000000000003,1,1,True,True,True
SYNTHETIC-001,haptic,32,0.5,0.5750000000000001,0.07500000000000004,2,2,True,False,True
SYNTHETIC-001,haptic,33,0.5,0.5750000000000001,0.07500000000000004,2,2,True,False,True
SYNTHETIC-001,haptic,34,0.5,0.55,0.05000000000000004,2,1,False,True,True
SYNTHETIC-001,haptic,35,0.5,0.5750000000000001,0.07500000000000004,2,2,True,False,True
SYNTHETIC-001,haptic,36,0.5,0.5750000000000001,0.07500000000000004,1,1,True,True,True
SYNTHETIC-001,haptic,37,0.5,0.55,0.05000000000000004,2,2,True,False,True
SYNTHETIC-001,haptic,38,0.5,0.55,0.05000000000000004,2,2,True,False,True
SYNTHETIC-001,haptic,39,0.5,0.525,0.025000000000000036,2,2,True,False,True
SYNTHETIC-001,haptic,40,0.5,0.525,0.025000000000000036,1,1,True,False,True
SYNTHETIC-001,haptic,41,0.5,0.505,0.005,1,1,True,False,True
SYNTHETIC-001,haptic,42,0.5,0.505,0.005,2,1,False,True,True
SYNTHETIC-001,haptic,43,0.5,0.53,0.030000000000000002,1,1,True,False,True
SYNTHETIC-001,haptic,44,0.5,0.53,0.030000000000000002,2,1,False,False,True
SYNTHETIC-001,haptic,45,0.5,0.555,0.05500000000000001,2,1,False,False,True
SYNTHETIC-001,haptic,46,0.5,0.5800000000000001,0.08000000000000002,2,2,True,False,True
SYNTHETIC-001,haptic,47,0.5,0.5800000000000001,0.08000000000000002,2,2,True,True,True
SYNTHETIC-001,haptic,48,0.5,0.555,0.055000000000000014,1,2,False,True,True
SYNTHETIC-001,haptic,49,0.5,0.5800000000000001,0.08000000000000002,1,1,True,False,True
SYNTHETIC-001,haptic,50,0.5,0.5800000000000001,0.08000000000000002,1,1,True,True,True
SYNTHETIC-001,haptic,51,0.5,0.555,0.055000000000000014,1,2,False,True,True
SYNTHETIC-001,haptic,52,0.5,0.5800000000000001,0.08000000000000002,2,2,True,False,True
SYNTHETIC-001,haptic,53,0.5,0.5800000000000001,0.08000000000000002,1,1,True,True,True
SYNTHETIC-001,haptic,54,0.5,0.555,0.055000000000000014,2,1,False,True,True
SYNTHETIC-001,haptic,55,0.5,0.5800000000000001,0.08000000000000002,1,1,True,False,True
SYNTHETIC-001,haptic,56,0.5,0.5800000000000001,0.08000000000000002,1,1,True,True,True
SYNTHETIC-001,haptic,57,0.5,0.555,0.055000000000000014,2,2,True,False,True
SYNTHETIC-001,haptic,58,0.5,0.555,0.055000000000000014,1,2,False,True,True
SYNTHETIC-001,haptic,59,0.5,0.5800000000000001,0.08000000000000002,2,2,True,False,True
SYNTHETIC-001,haptic,60,0.5,0.5800000000000001,0.08000000000000002,2,2,True,True,True
SYNTHETIC-001,haptic,61,0.5,0.555,0.055000000000000014,1,2,False,True,True
SYNTHETIC-001,haptic,62,0.5,0.5800000000000001,0.08000000000000002,2,2,True,False,True
SYNTHETIC-001,haptic,63,0.5,0.5800000000000001,0.08000000000000002,2,2,True,True,True
SYNTHETIC-001,haptic,64,0.5,0.555,0.055000000000000014,2,2,True,False,True
SYNTHETIC-001,haptic,65,0.5,0.555,0.055000000000000014,1,1,True,False,True
SYNTHETIC-001,haptic,66,0.5,0.53,0.030000000000000013,1,2,False,True,True
SYNTHETIC-001,haptic,67,0.5,0.555,0.055000000000000014,2,1,False,False,True
SYNTHETIC-001,haptic,68,0.5,0.5800000000000001,0.08000000000000002,1,1,True,False,True
SYNTHETIC-001,haptic,69,0.5,0.5800000000000001,0.08000000000000002,2,2,True,True,True
SYNTHETIC-001,haptic,70,0.5,0.555,0.055000000000000014,2,1,False,True,True
SYNTHETIC-001,haptic,71,0.5,0.5800000000000001,0.08000000000000002,2,2,True,False,True
SYNTHETIC-001,haptic,72,0.5,0.5800000000000001,0.08000000000000002,2,1,False,False,True
